{
    "variants": {
        "": [
            
{ "model": "block/dirt", "weight": 9 },
            { "model": "block/dirt", "y": 90, "weight": 9 },
            { "model": "block/dirt", "y": 180, "weight": 9 },
            { "model": "block/dirt", "y": 270, "weight": 9 },
{ "model": "block/dirt1", "weight": 2 },
            { "model": "block/dirt1", "y": 90, "weight": 2 },
            { "model": "block/dirt1", "y": 180, "weight": 2 },
            { "model": "block/dirt1", "y": 270, "weight": 2 },
{ "model": "block/dirt2", "weight": 2 },
            { "model": "block/dirt2", "y": 90, "weight": 1 },
            { "model": "block/dirt2", "y": 180, "weight": 1 },
            { "model": "block/dirt2", "y": 270, "weight": 1 },

{ "model": "block/dirt3", "weight": 2 },
            { "model": "block/dirt3", "y": 90, "weight": 1 },
            { "model": "block/dirt3", "y": 180, "weight": 1 },
            { "model": "block/dirt3", "y": 270, "weight": 1 },

{ "model": "block/dirt4", "weight": 2 },
            { "model": "block/dirt4", "y": 90, "weight": 2 },
            { "model": "block/dirt4", "y": 180, "weight": 2 },
            { "model": "block/dirt4", "y": 270, "weight": 2 },
{ "model": "block/dirt5", "weight": 2 },
            { "model": "block/dirt5", "y": 90, "weight": 2 },
            { "model": "block/dirt5", "y": 180, "weight": 2 },
            { "model": "block/dirt5", "y": 270, "weight": 2 },

{ "model": "block/dirt6", "weight": 2 },
            { "model": "block/dirt6", "y": 90, "weight": 1 },
            { "model": "block/dirt6", "y": 180, "weight": 1 },
            { "model": "block/dirt6", "y": 270, "weight": 1 }        
]
    }
}
